model,model_slug,language,language_name,direction,n,supported,bleu,chrf_pp,score_policy,completed_at,reason,direction_label
Google Cloud Translation,google-translate-v2-real,bba,Baatonou,african_to_french,2851,False,0.0,0.0,unsupported=0,2026-08-31T14:47:22.738125+00:00,Google Cloud Translation v2 rejected language pair bba|fr,African → French
Google Cloud Translation,google-translate-v2-real,bba,Baatonou,french_to_african,2851,False,0.0,0.0,unsupported=0,2026-08-31T14:47:29.058236+00:00,Google Cloud Translation v2 rejected language pair fr|bba,French → African
Google Cloud Translation,google-translate-v2-real,bci,Baoulé,african_to_french,2896,True,18.254961354842504,40.28913781333971,unsupported=0,2026-08-31T14:47:51.127008+00:00,,African → French
Google Cloud Translation,google-translate-v2-real,bci,Baoulé,french_to_african,2896,True,7.60754196231219,31.24975115170149,unsupported=0,2026-08-31T14:48:12.324873+00:00,,French → African
Google Cloud Translation,google-translate-v2-real,dyu,Dioula,african_to_french,2921,True,23.59657047618053,46.83589447623972,unsupported=0,2026-08-31T14:48:37.707130+00:00,,African → French
Google Cloud Translation,google-translate-v2-real,dyu,Dioula,french_to_african,2921,True,22.0740411148118,44.31359119598476,unsupported=0,2026-08-31T14:48:59.486390+00:00,,French → African
Google Cloud Translation,google-translate-v2-real,ewe,Ewé,african_to_french,2931,True,26.260721512268287,48.46619085632677,unsupported=0,2026-08-31T14:49:19.342785+00:00,,African → French
Google Cloud Translation,google-translate-v2-real,ewe,Ewé,french_to_african,2931,True,15.342950153143846,41.98843166435799,unsupported=0,2026-08-31T14:49:38.136241+00:00,,French → African
Google Cloud Translation,google-translate-v2-real,ewo,Ewondo,african_to_french,708,False,0.0,0.0,unsupported=0,2026-08-31T14:49:42.505433+00:00,Google Cloud Translation v2 rejected language pair ewo|fr,African → French
Google Cloud Translation,google-translate-v2-real,ewo,Ewondo,french_to_african,708,False,0.0,0.0,unsupported=0,2026-08-31T14:49:45.503719+00:00,Google Cloud Translation v2 rejected language pair fr|ewo,French → African
Google Cloud Translation,google-translate-v2-real,fon,Fon,african_to_french,2934,True,22.730595144302963,45.37627392226173,unsupported=0,2026-08-31T14:50:02.878680+00:00,,African → French
Google Cloud Translation,google-translate-v2-real,fon,Fon,french_to_african,2934,True,23.271748607191103,42.68722128610712,unsupported=0,2026-08-31T14:50:20.522104+00:00,,French → African
Google Cloud Translation,google-translate-v2-real,fub,Fulfulde,african_to_french,2892,True,21.59830976292018,43.734587184457205,unsupported=0,2026-08-31T14:50:37.897554+00:00,,African → French
Google Cloud Translation,google-translate-v2-real,fub,Fulfulde,french_to_african,2892,True,7.183961181861467,30.41256154448791,unsupported=0,2026-08-31T14:50:54.398648+00:00,,French → African
Google Cloud Translation,google-translate-v2-real,hau,Hausa,african_to_french,2919,True,22.00799739616471,45.816674352933326,unsupported=0,2026-08-31T14:51:10.471101+00:00,,African → French
Google Cloud Translation,google-translate-v2-real,hau,Hausa,french_to_african,2919,True,20.318154083976975,46.70851062539045,unsupported=0,2026-08-31T14:51:26.946667+00:00,,French → African
Google Cloud Translation,google-translate-v2-real,lin,Lingala,african_to_french,2915,True,24.075555238218342,46.99049742779019,unsupported=0,2026-08-31T14:51:45.174297+00:00,,African → French
Google Cloud Translation,google-translate-v2-real,lin,Lingala,french_to_african,2915,True,14.485953581961116,42.88060101088541,unsupported=0,2026-08-31T14:52:05.654174+00:00,,French → African
Google Cloud Translation,google-translate-v2-real,lug,Luganda,african_to_french,2936,True,26.65668291071318,49.86393903350771,unsupported=0,2026-08-31T14:52:22.274492+00:00,,African → French
Google Cloud Translation,google-translate-v2-real,lug,Luganda,french_to_african,2936,True,12.854824880854018,42.85805008666683,unsupported=0,2026-08-31T14:52:38.525976+00:00,,French → African
Google Cloud Translation,google-translate-v2-real,mos,Mooré,african_to_french,2924,False,0.0,0.0,unsupported=0,2026-08-31T14:52:42.425938+00:00,Google Cloud Translation v2 rejected language pair mos|fr,African → French
Google Cloud Translation,google-translate-v2-real,mos,Mooré,french_to_african,2924,False,0.0,0.0,unsupported=0,2026-08-31T14:52:46.490403+00:00,Google Cloud Translation v2 rejected language pair fr|mos,French → African
Google Cloud Translation,google-translate-v2-real,mwm,Sar,african_to_french,2893,False,0.0,0.0,unsupported=0,2026-08-31T14:52:50.247947+00:00,Google Cloud Translation v2 rejected language pair mwm|fr,African → French
Google Cloud Translation,google-translate-v2-real,mwm,Sar,french_to_african,2893,False,0.0,0.0,unsupported=0,2026-08-31T14:52:54.604770+00:00,Google Cloud Translation v2 rejected language pair fr|mwm,French → African
Google Cloud Translation,google-translate-v2-real,orm,Oromo,african_to_french,2931,True,21.18824804352069,41.71905817408616,unsupported=0,2026-08-31T14:53:10.633388+00:00,,African → French
Google Cloud Translation,google-translate-v2-real,orm,Oromo,french_to_african,2931,True,4.6660481733534445,34.05958558612569,unsupported=0,2026-08-31T14:53:26.799277+00:00,,French → African
Google Cloud Translation,google-translate-v2-real,sag,Sango,african_to_french,2894,True,21.72214430744308,44.97380304623531,unsupported=0,2026-08-31T14:53:46.117075+00:00,,African → French
Google Cloud Translation,google-translate-v2-real,sag,Sango,french_to_african,2894,True,23.711410888515186,46.02196623011557,unsupported=0,2026-08-31T14:54:03.513266+00:00,,French → African
Google Cloud Translation,google-translate-v2-real,sna,Shona,african_to_french,2914,True,28.906621943958168,52.5116580896676,unsupported=0,2026-08-31T14:54:20.019635+00:00,,African → French
Google Cloud Translation,google-translate-v2-real,sna,Shona,french_to_african,2914,True,17.341715006658145,50.61176036692452,unsupported=0,2026-08-31T14:54:37.648645+00:00,,French → African
Google Cloud Translation,google-translate-v2-real,som,Somali,african_to_french,2911,True,28.35527430510572,52.22448767315285,unsupported=0,2026-08-31T14:54:54.265011+00:00,,African → French
Google Cloud Translation,google-translate-v2-real,som,Somali,french_to_african,2911,True,24.043560200050344,51.14443661067581,unsupported=0,2026-08-31T14:55:10.930854+00:00,,French → African
Google Cloud Translation,google-translate-v2-real,swh,Swahili,african_to_french,2913,True,21.74922655539114,46.50274955437673,unsupported=0,2026-08-31T14:55:26.356794+00:00,,African → French
Google Cloud Translation,google-translate-v2-real,swh,Swahili,french_to_african,2913,True,10.124332075692465,37.964393156269175,unsupported=0,2026-08-31T14:55:42.507713+00:00,,French → African
Google Cloud Translation,google-translate-v2-real,wol,Wolof,african_to_french,2917,True,21.881496071632775,43.80374282123482,unsupported=0,2026-08-31T14:55:59.372323+00:00,,African → French
Google Cloud Translation,google-translate-v2-real,wol,Wolof,french_to_african,2917,True,9.158869364550425,30.91710202849135,unsupported=0,2026-08-31T14:56:18.610944+00:00,,French → African
Griot-MT,griot-mt,bba,Baatonou,african_to_french,2851,True,32.900561125952514,51.60206624956193,unsupported=0,2026-08-30T21:07:42.643522+00:00,,African → French
Griot-MT,griot-mt,bba,Baatonou,french_to_african,2851,True,18.396712401396066,41.47871630884503,unsupported=0,2026-08-30T21:27:37.721720+00:00,,French → African
Griot-MT,griot-mt,bci,Baoulé,african_to_french,2896,True,35.46984920043916,54.202156129372185,unsupported=0,2026-08-30T21:42:55.343700+00:00,,African → French
Griot-MT,griot-mt,bci,Baoulé,french_to_african,2896,True,17.698807931429194,41.99949885147163,unsupported=0,2026-08-30T22:04:02.466340+00:00,,French → African
Griot-MT,griot-mt,dyu,Dioula,african_to_french,2921,True,45.96362393898263,63.86730769546003,unsupported=0,2026-08-30T22:19:25.378477+00:00,,African → French
Griot-MT,griot-mt,dyu,Dioula,french_to_african,2921,True,35.59769040826154,55.95004314927851,unsupported=0,2026-08-30T22:35:15.205078+00:00,,French → African
Griot-MT,griot-mt,ewe,Ewé,african_to_french,2931,True,44.59237390583563,62.522827141846,unsupported=0,2026-08-30T22:50:39.855730+00:00,,African → French
Griot-MT,griot-mt,ewe,Ewé,french_to_african,2931,True,35.69501955520769,58.551801415195534,unsupported=0,2026-08-30T23:04:15.269291+00:00,,French → African
Griot-MT,griot-mt,ewo,Ewondo,african_to_french,708,True,60.89404395548104,72.02936300932302,unsupported=0,2026-08-30T23:07:29.377687+00:00,,African → French
Griot-MT,griot-mt,ewo,Ewondo,french_to_african,708,True,20.50653998256084,42.90842190164744,unsupported=0,2026-08-30T23:11:12.665003+00:00,,French → African
Griot-MT,griot-mt,fon,Fon,african_to_french,2934,True,41.52075083307436,59.60476480391116,unsupported=0,2026-08-30T23:26:34.392044+00:00,,African → French
Griot-MT,griot-mt,fon,Fon,french_to_african,2934,True,36.26007865926146,52.19576276358819,unsupported=0,2026-08-30T23:47:32.594381+00:00,,French → African
Griot-MT,griot-mt,fub,Fulfulde,african_to_french,2892,True,42.442065717238656,60.60123931293826,unsupported=0,2026-08-31T00:02:50.206410+00:00,,African → French
Griot-MT,griot-mt,fub,Fulfulde,french_to_african,2892,True,26.51427667238062,51.595757760154925,unsupported=0,2026-08-31T00:17:11.354115+00:00,,French → African
Griot-MT,griot-mt,hau,Hausa,african_to_french,2919,True,58.35145477495671,71.54181607544213,unsupported=0,2026-08-31T00:31:33.190880+00:00,,African → French
Griot-MT,griot-mt,hau,Hausa,french_to_african,2919,True,34.262338607092715,57.12966123161938,unsupported=0,2026-08-31T00:45:04.940884+00:00,,French → African
Griot-MT,griot-mt,lin,Lingala,african_to_french,2915,True,45.86426841735987,63.81900818366187,unsupported=0,2026-08-31T01:00:32.862536+00:00,,African → French
Griot-MT,griot-mt,lin,Lingala,french_to_african,2915,True,38.83917435124008,61.79191686418852,unsupported=0,2026-08-31T01:15:14.436968+00:00,,French → African
Griot-MT,griot-mt,lug,Luganda,african_to_french,2936,True,55.1665987630586,68.97596899487235,unsupported=0,2026-08-31T01:29:35.716446+00:00,,African → French
Griot-MT,griot-mt,lug,Luganda,french_to_african,2936,True,22.01769649324408,50.13178550858124,unsupported=0,2026-08-31T01:43:37.021345+00:00,,French → African
Griot-MT,griot-mt,mos,Mooré,african_to_french,2924,True,43.21262239833754,61.24209770023803,unsupported=0,2026-08-31T01:59:06.025465+00:00,,African → French
Griot-MT,griot-mt,mos,Mooré,french_to_african,2924,True,26.756948023185,49.40719963928033,unsupported=0,2026-08-31T02:16:00.936353+00:00,,French → African
Griot-MT,griot-mt,mwm,Sar,african_to_french,2893,True,38.06443838433778,56.76314629391575,unsupported=0,2026-08-31T02:31:27.351932+00:00,,African → French
Griot-MT,griot-mt,mwm,Sar,french_to_african,2893,True,22.545333528685514,44.24067656153882,unsupported=0,2026-08-31T03:01:11.608698+00:00,,French → African
Griot-MT,griot-mt,orm,Oromo,african_to_french,2931,True,54.35080851109363,68.36491158940659,unsupported=0,2026-08-31T03:15:21.759277+00:00,,African → French
Griot-MT,griot-mt,orm,Oromo,french_to_african,2931,True,18.850628730006413,47.48457253566474,unsupported=0,2026-08-31T03:30:52.303711+00:00,,French → African
Griot-MT,griot-mt,sag,Sango,african_to_french,2894,True,42.91856566067636,61.19022422031514,unsupported=0,2026-08-31T03:46:05.778247+00:00,,African → French
Griot-MT,griot-mt,sag,Sango,french_to_african,2894,True,39.22419575546332,59.070642506538896,unsupported=0,2026-08-31T04:02:51.912450+00:00,,French → African
Griot-MT,griot-mt,sna,Shona,african_to_french,2914,True,61.16309931363935,73.85242795424783,unsupported=0,2026-08-31T04:43:51.136279+00:00,,African → French
Griot-MT,griot-mt,sna,Shona,french_to_african,2914,True,36.028228569090594,63.96297820702609,unsupported=0,2026-08-31T04:56:37.141222+00:00,,French → African
Griot-MT,griot-mt,som,Somali,african_to_french,2911,True,61.46396709829136,74.12982178197315,unsupported=0,2026-08-31T05:10:22.101069+00:00,,African → French
Griot-MT,griot-mt,som,Somali,french_to_african,2911,True,30.06031888936442,57.79543398632061,unsupported=0,2026-08-31T05:25:36.016624+00:00,,French → African
Griot-MT,griot-mt,swh,Swahili,african_to_french,2913,True,57.88861810242222,71.17771773172335,unsupported=0,2026-08-31T05:39:29.473316+00:00,,African → French
Griot-MT,griot-mt,swh,Swahili,french_to_african,2913,True,26.765526391122,52.975811623022416,unsupported=0,2026-08-31T05:52:42.498867+00:00,,French → African
Griot-MT,griot-mt,wol,Wolof,african_to_french,2917,True,42.01761822743136,60.09233274333151,unsupported=0,2026-08-31T06:07:57.952976+00:00,,African → French
Griot-MT,griot-mt,wol,Wolof,french_to_african,2917,True,21.55530706263585,43.75098413824274,unsupported=0,2026-08-31T06:21:59.594958+00:00,,French → African
NLLB-200 1.3B,nllb-200-1.3b,bba,Baatonou,african_to_french,2851,False,0.0,0.0,unsupported=0,2026-08-31T06:22:44.096065+00:00,language token bba_Latn absent from NLLB tokenizer,African → French
NLLB-200 1.3B,nllb-200-1.3b,bba,Baatonou,french_to_african,2851,False,0.0,0.0,unsupported=0,2026-08-31T06:22:49.642978+00:00,language token bba_Latn absent from NLLB tokenizer,French → African
NLLB-200 1.3B,nllb-200-1.3b,bci,Baoulé,african_to_french,2896,False,0.0,0.0,unsupported=0,2026-08-31T06:22:56.085381+00:00,language token bci_Latn absent from NLLB tokenizer,African → French
NLLB-200 1.3B,nllb-200-1.3b,bci,Baoulé,french_to_african,2896,False,0.0,0.0,unsupported=0,2026-08-31T06:23:02.382197+00:00,language token bci_Latn absent from NLLB tokenizer,French → African
NLLB-200 1.3B,nllb-200-1.3b,dyu,Dioula,african_to_french,2921,True,29.945285961865736,52.84811698583359,unsupported=0,2026-08-31T06:29:47.488161+00:00,,African → French
NLLB-200 1.3B,nllb-200-1.3b,dyu,Dioula,french_to_african,2921,True,34.93228328342761,54.11550910651819,unsupported=0,2026-08-31T06:36:44.377742+00:00,,French → African
NLLB-200 1.3B,nllb-200-1.3b,ewe,Ewé,african_to_french,2931,True,27.033277809857832,48.84689714650657,unsupported=0,2026-08-31T06:43:13.617163+00:00,,African → French
NLLB-200 1.3B,nllb-200-1.3b,ewe,Ewé,french_to_african,2931,True,19.264701840561266,45.73968816057365,unsupported=0,2026-08-31T06:49:25.656029+00:00,,French → African
NLLB-200 1.3B,nllb-200-1.3b,ewo,Ewondo,african_to_french,708,False,0.0,0.0,unsupported=0,2026-08-31T06:49:29.868518+00:00,language token ewo_Latn absent from NLLB tokenizer,African → French
NLLB-200 1.3B,nllb-200-1.3b,ewo,Ewondo,french_to_african,708,False,0.0,0.0,unsupported=0,2026-08-31T06:49:32.581649+00:00,language token ewo_Latn absent from NLLB tokenizer,French → African
NLLB-200 1.3B,nllb-200-1.3b,fon,Fon,african_to_french,2934,True,23.81016283375232,45.97596189984748,unsupported=0,2026-08-31T06:56:18.487817+00:00,,African → French
NLLB-200 1.3B,nllb-200-1.3b,fon,Fon,french_to_african,2934,True,31.25542892465378,46.278677138469874,unsupported=0,2026-08-31T07:05:03.313817+00:00,,French → African
NLLB-200 1.3B,nllb-200-1.3b,fub,Fulfulde,african_to_french,2892,False,0.0,0.0,unsupported=0,2026-08-31T07:05:07.394496+00:00,language token fub_Latn absent from NLLB tokenizer,African → French
NLLB-200 1.3B,nllb-200-1.3b,fub,Fulfulde,french_to_african,2892,False,0.0,0.0,unsupported=0,2026-08-31T07:05:10.906658+00:00,language token fub_Latn absent from NLLB tokenizer,French → African
NLLB-200 1.3B,nllb-200-1.3b,hau,Hausa,african_to_french,2919,True,24.493799573443667,47.22701402624574,unsupported=0,2026-08-31T07:11:35.090481+00:00,,African → French
NLLB-200 1.3B,nllb-200-1.3b,hau,Hausa,french_to_african,2919,True,23.67568554835349,48.801341759155,unsupported=0,2026-08-31T07:17:19.990713+00:00,,French → African
NLLB-200 1.3B,nllb-200-1.3b,lin,Lingala,african_to_french,2915,True,25.28348506331436,48.72208229041469,unsupported=0,2026-08-31T07:23:52.066408+00:00,,African → French
NLLB-200 1.3B,nllb-200-1.3b,lin,Lingala,french_to_african,2915,True,18.028025408915244,46.64229106681919,unsupported=0,2026-08-31T07:29:43.740498+00:00,,French → African
NLLB-200 1.3B,nllb-200-1.3b,lug,Luganda,african_to_french,2936,True,24.614465153142085,47.17586883209147,unsupported=0,2026-08-31T07:36:20.121225+00:00,,African → French
NLLB-200 1.3B,nllb-200-1.3b,lug,Luganda,french_to_african,2936,True,12.758364153208834,43.34671128762022,unsupported=0,2026-08-31T07:42:45.359921+00:00,,French → African
NLLB-200 1.3B,nllb-200-1.3b,mos,Mooré,african_to_french,2924,True,17.31121596392262,40.65300458930598,unsupported=0,2026-08-31T07:49:36.775670+00:00,,African → French
NLLB-200 1.3B,nllb-200-1.3b,mos,Mooré,french_to_african,2924,True,15.313273484233434,37.59978517845591,unsupported=0,2026-08-31T07:56:18.981050+00:00,,French → African
NLLB-200 1.3B,nllb-200-1.3b,mwm,Sar,african_to_french,2893,False,0.0,0.0,unsupported=0,2026-08-31T07:56:23.103080+00:00,language token mwm_Latn absent from NLLB tokenizer,African → French
NLLB-200 1.3B,nllb-200-1.3b,mwm,Sar,french_to_african,2893,False,0.0,0.0,unsupported=0,2026-08-31T07:56:26.940780+00:00,language token mwm_Latn absent from NLLB tokenizer,French → African
NLLB-200 1.3B,nllb-200-1.3b,orm,Oromo,african_to_french,2931,True,23.09653210656952,45.52423102146067,unsupported=0,2026-08-31T08:03:01.556363+00:00,,African → French
NLLB-200 1.3B,nllb-200-1.3b,orm,Oromo,french_to_african,2931,True,8.008182930146114,39.11255360606396,unsupported=0,2026-08-31T08:09:20.927041+00:00,,French → African
NLLB-200 1.3B,nllb-200-1.3b,sag,Sango,african_to_french,2894,True,15.8722396573907,38.93387595688036,unsupported=0,2026-08-31T08:15:56.998582+00:00,,African → French
NLLB-200 1.3B,nllb-200-1.3b,sag,Sango,french_to_african,2894,True,24.235997672726317,46.404862062076525,unsupported=0,2026-08-31T08:22:20.091507+00:00,,French → African
NLLB-200 1.3B,nllb-200-1.3b,sna,Shona,african_to_french,2914,True,27.87977567643561,51.626535011807405,unsupported=0,2026-08-31T08:28:51.451777+00:00,,African → French
NLLB-200 1.3B,nllb-200-1.3b,sna,Shona,french_to_african,2914,True,26.1023637514946,57.50919704686722,unsupported=0,2026-08-31T09:05:19.657496+00:00,,French → African
NLLB-200 1.3B,nllb-200-1.3b,som,Somali,african_to_french,2911,True,31.2540420545423,54.60401943334215,unsupported=0,2026-08-31T09:08:11.180446+00:00,,African → French
NLLB-200 1.3B,nllb-200-1.3b,som,Somali,french_to_african,2911,True,32.42266944903913,57.895413336562974,unsupported=0,2026-08-31T09:11:04.706929+00:00,,French → African
NLLB-200 1.3B,nllb-200-1.3b,swh,Swahili,african_to_french,2913,True,23.340983766947872,47.65423993366634,unsupported=0,2026-08-31T09:14:02.509876+00:00,,African → French
NLLB-200 1.3B,nllb-200-1.3b,swh,Swahili,french_to_african,2913,True,10.491080370863742,38.7979348144674,unsupported=0,2026-08-31T09:16:26.283546+00:00,,French → African
NLLB-200 1.3B,nllb-200-1.3b,wol,Wolof,african_to_french,2917,True,18.854334948614493,41.41756885677507,unsupported=0,2026-08-31T09:19:17.115128+00:00,,African → French
NLLB-200 1.3B,nllb-200-1.3b,wol,Wolof,french_to_african,2917,True,11.469163882802496,33.68767681055116,unsupported=0,2026-08-31T09:21:54.134990+00:00,,French → African
